sifra_umetnika,clan
364940,Nayeon
364940,Jeongyeon
364940,Momo
364940,Sana
364940,Jihyo
364940,Mina
364940,Dahyun
364940,Chaeyoung
364940,Tzuyu
345359,S.Coups
345359,Jeonghan
345359,Joshua
345359,Jun
345359,Hoshi
345359,Wonwoo
345359,Woozi
345359,DK
345359,Mingyu
345359,The8
345359,Seungkwan
345359,Vernon
345359,Dino
353617,Solar
353617,Moonbyul
353617,Wheein
353617,Hwasa
239348, Ahn Ji-young
239348,Woo Ji-yoon</span>
375926,Jeon Woo-sung
375926,Lee Sang-gon
375926,Na Sung-ho and Kang Kyun-sung
343777, Park Cho-rong
343777,Yoon Bo-mi
343777,Jung Eun-ji
343777,Son Na-eun
343777,Kim Nam-joo
343777,Oh Ha-young
354121,Joy
354121,Irene
354121,Seulgi
354121,Wendy
354121,Yeri
372941,Lee Chan-hyuk
372941,Lee Su-hyun
357139,Sowon
357139,Yerin
357139,Eunha
357139,Yuju
357139,SinB
357139,Umji
348434,JB
348434,Mark
348434,Jackson
348434,Jinyoung
348434,Youngjae
348434,BamBam
348434,Yugyeom
393692, MARK
393692,JAEHYUN
393692,TEN
393692,TAEYONG
393692,DOYOUNG
393692,TAEIL
393692,JUNGWOO
393692,LUCAS
393692,WINWIN etc.
343790,Eunkwang
343790,Minhyuk
343790,Changsub
343790,Hyunsik
343790,Peniel
343790,Ilhoon
343790,Sungjae
347972, Jin
347972,Suga
347972,J-Hope
347972,RM
347972,Jimin
347972,V
347972,Jungkook
389341,Jisoo
389341,Jennie
389341,Ros&eacute;
389341,Lisa
358973, Yeji
358973,Lia
358973,Ryujin
358973,Chaeryeong
358973,Yuna
348488, Hyojung
348488,Mimi
348488,YooA
348488,Seunghee
348488,Jiho
348488,Binnie
348488,Arin
370622,Mark
370622,Renjun
370622,Jeno
370622,Haechan
370622,Jaemin
370622,Chenle
370622,Jisung
352301,Suho
352301,Baekhyun
352301,Chanyeol
352301,D.O.
352301,Kai
352301,Sehun
352301,Xiumin
352301,Lay
352301,Chen
348986,Ryu Jae-hyun
348986,Yoon Min-soo
365474,Lee Hae-ri
365474,Kang Min-kyung</span>
355065, Jinwoo
355065,Seunghoon
355065,Mino and Seungyoon
361183,Kim Do-hyung
361183,Yoo Young-hyun
361183,Jang Kyung-joon
361183,Yoon Kyul
368849,Sehun
368849,Chanyeol
389341,Jisoo
389341,Jennie
389341,Ros&eacute;
389341,Lisa
354121,Joy
354121,Irene
354121,Seulgi
354121,Wendy
354121,Yeri
345741,Donghae and Eunhyuk of Super Junior
353617,Solar
353617,Moonbyul
353617,Wheein
353617,Hwasa
343777, Park Cho-rong
343777,Yoon Bo-mi
343777,Jung Eun-ji
343777,Son Na-eun
343777,Kim Nam-joo
343777,Oh Ha-young
376414,MJ
376414,JinJin
376414,Cha Eun-woo
376414,MoonBin
376414,Rocky
376414,Yoon San-ha
355157,Lee Soo
355157,J. Yoon
355157,Jeon Min-hyuk
345622,Miyeon
345622,Minnie
345622,Soojin
345622,Soyeon
345622,Yuqi
345622,Shuhua
368948,Kim Min-seok
368948,Jeong Dong-hwan</span>
361195,</span>Tablo
361195,Mithra Jin
361195,DJ Tukutz
403584,Yoon Doo-joon
403584,Yang Yo-seob
403584,Lee Gi-kwang
403584,Son Dong-woon
365887,Taeil
365887,Johnny
365887,Taeyong
365887,Yuta
365887,Doyoung
365887,Jaehyun
365887,Winwin
365887,Jungwoo
365887,Mark
365887,Haechan</span>
351688,I.M.
351688,Minhyuk
351688,Shownu
351688,Joohoney
351688,Kihyun
351688,Hyungwon
345359,S.Coups
345359,Jeonghan
345359,Joshua
345359,Jun
345359,Hoshi
345359,Wonwoo
345359,Woozi
345359,DK
345359,Mingyu
345359,The8
345359,Seungkwan
345359,Vernon
345359,Dino
340355,Ren
340355,Baekho
340355,JR
340355,Aron</span>
403998, Kim Yong-jun
403998,Kim Jin-ho
403998,Lee Seok-hoon
404478, Yujeong
404478,Soyeon
404478,ZN
404478,Haein
404478,Solbin
366246,Seola
366246,Xuanyi
366246,Bona
366246,Exy
366246,Soobin
366246,Luda
366246,Dawon
366246,Eunseo
366246,Cheng Xiao
366246,Meiqi
366246,Yeoreum
366246,Dayoung
366246,Yeonjung</span>
366246,Seola
366246,Xuanyi
366246,Bona
366246,Exy
366246,Soobin
366246,Luda
366246,Dawon
366246,Eunseo
366246,Cheng Xiao
366246,Meiqi
366246,Yeoreum
366246,Dayoung
366246,Yeonjung</span>
360019,Youngbin
360019,Inseong
360019,Jaeyoon
360019,Dawon
360019,Rowoon
360019,Zuho
360019,Taeyang
360019,Hwiyoung
360019,Chani
355113,Sangyeon
355113,Jacob
355113,Younghoon
355113,Hyunjae
355113,Juyeon
355113,Kevin
355113,New
355113,Q
355113,Ju Haknyeon
355113,Sunwoo
355113,Eric
354644, Baby Soul
354644,Jiae
354644,Jisoo
354644,Mijoo
354644,Kei
354644,Jin
354644,Sujeong
354644,Yein</span>
370828,"</span><span lang=""EN-US"">Kim Yo-han,&nbsp;</span><span lang=""EN-US"">Kim Woo-seok</span><span lang=""EN-US"">"
370828,Han Seung-woo
370828,"Song Hyeong-jun,&nbsp;</span><span lang=""EN-US"">Cho Seung-youn</span><span lang=""EN-US"">"
370828,Son Dong-pyo
370828,Lee Han-gyul
370828,Nam Do-hyon
370828,Cha Jun-ho
370828,Kang Min-hee and Lee Eun-sang</span>
395837, Heeseung
395837,Jay
395837,Jake
395837,Sunghoon
395837,Sunoo
395837,Jungwon
395837,Ni-ki
374849,Han Seung-woo
374849,Kang Seung-sik Heo Chan
374849,Lim Se-jun
374849,Do Han-se
374849,Choi Byung-chan
374849,Jung Su-bin
390109,Hyunsuk
390109,Jihoon
390109,Yoshi
390109,Junkyu
390109,Mashiho
390109,Jaehyuk
390109,Asahi
390109,Yedam
390109,Doyoung
390109,Haruto
390109,Jeongwoo
390109,Junghwan
385755, Sungjin
385755,Jae
385755,Young K
385755,Wonpil
385755,Dowoon
